country,rate,year
AFG,,1905
AFG,,1900
AFG,,1910
AFG,,1915
AFG,,1920
AFG,,1925
AFG,,1930
AFG,,1935
AFG,,1940
AFG,,1945
AFG,3,1950
AFG,,1955
AFG,,1960
AFG,6.4,1965
AFG,,1970
AFG,12.2,1975
AFG,19.5,1980
AFG,,1985
AFG,27.1,1990
AFG,31.5,1995
AFG,35.9,2000
AFG,,2005
AFG,45.4,2010
AGO,,1905
AGO,,1900
AGO,,1910
AGO,,1915
AGO,,1920
AGO,,1925
AGO,,1930
AGO,,1935
AGO,,1940
AGO,,1945
AGO,3,1950
AGO,,1955
AGO,,1960
AGO,,1965
AGO,,1970
AGO,,1975
AGO,,1980
AGO,35.7,1985
AGO,41.7,1990
AGO,,1995
AGO,67.4,2000
AGO,,2005
AGO,70.1,2010
ALB,,1905
ALB,,1900
ALB,,1910
ALB,,1915
ALB,,1920
ALB,,1925
ALB,,1930
ALB,,1935
ALB,,1940
ALB,24.6,1945
ALB,72.5,1950
ALB,71.5,1955
ALB,,1960
ALB,,1965
ALB,,1970
ALB,,1975
ALB,,1980
ALB,,1985
ALB,,1990
ALB,,1995
ALB,98.7,2000
ALB,,2005
ALB,95.9,2010
ARE,,1905
ARE,,1900
ARE,,1910
ARE,,1915
ARE,,1920
ARE,,1925
ARE,,1930
ARE,,1935
ARE,,1940
ARE,,1945
ARE,,1950
ARE,,1955
ARE,,1960
ARE,,1965
ARE,20.9,1970
ARE,53.5,1975
ARE,69.9,1980
ARE,71.2,1985
ARE,76.6,1990
ARE,79.2,1995
ARE,81.8,2000
ARE,,2005
ARE,86.7,2010
ARG,,1905
ARG,,1900
ARG,,1910
ARG,64.9,1915
ARG,,1920
ARG,,1925
ARG,,1930
ARG,,1935
ARG,,1940
ARG,86.4,1945
ARG,87.5,1950
ARG,,1955
ARG,91.4,1960
ARG,,1965
ARG,92.6,1970
ARG,,1975
ARG,93.9,1980
ARG,,1985
ARG,95.6,1990
ARG,96.2,1995
ARG,96.6,2000
ARG,,2005
ARG,97.3,2010
ARM,,1905
ARM,,1900
ARM,,1910
ARM,,1915
ARM,,1920
ARM,,1925
ARM,,1930
ARM,,1935
ARM,,1940
ARM,,1945
ARM,,1950
ARM,,1955
ARM,,1960
ARM,,1965
ARM,,1970
ARM,,1975
ARM,,1980
ARM,,1985
ARM,98.8,1990
ARM,,1995
ARM,99.4,2000
ARM,,2005
ARM,99.6,2010
AUS,,1905
AUS,,1900
AUS,,1910
AUS,,1915
AUS,,1920
AUS,,1925
AUS,,1930
AUS,,1935
AUS,,1940
AUS,,1945
AUS,98.5,1950
AUS,,1955
AUS,99,1960
AUS,,1965
AUS,99,1970
AUS,,1975
AUS,99,1980
AUS,,1985
AUS,99,1990
AUS,,1995
AUS,99,2000
AUS,99,2005
AUS,99,2010
AUT,,1905
AUT,,1900
AUT,,1910
AUT,,1915
AUT,,1920
AUT,,1925
AUT,,1930
AUT,,1935
AUT,,1940
AUT,,1945
AUT,88.5,1950
AUT,,1955
AUT,92,1960
AUT,,1965
AUT,94,1970
AUT,,1975
AUT,97,1980
AUT,,1985
AUT,97,1990
AUT,,1995
AUT,98,2000
AUT,,2005
AUT,98,2010
AZE,,1905
AZE,,1900
AZE,,1910
AZE,,1915
AZE,,1920
AZE,,1925
AZE,,1930
AZE,,1935
AZE,,1940
AZE,,1945
AZE,,1950
AZE,,1955
AZE,,1960
AZE,,1965
AZE,,1970
AZE,,1975
AZE,,1980
AZE,,1985
AZE,,1990
AZE,,1995
AZE,98.8,2000
AZE,99.6,2005
AZE,99.8,2010
BDI,,1905
BDI,,1900
BDI,,1910
BDI,,1915
BDI,,1920
BDI,,1925
BDI,,1930
BDI,,1935
BDI,,1940
BDI,,1945
BDI,,1950
BDI,,1955
BDI,13.9,1960
BDI,,1965
BDI,,1970
BDI,,1975
BDI,22.5,1980
BDI,,1985
BDI,37.4,1990
BDI,35.3,1995
BDI,59.3,2000
BDI,,2005
BDI,67.2,2010
BEL,,1905
BEL,80.4,1900
BEL,86.6,1910
BEL,,1915
BEL,92.2,1920
BEL,,1925
BEL,94.1,1930
BEL,,1935
BEL,,1940
BEL,96.7,1945
BEL,96.5,1950
BEL,,1955
BEL,,1960
BEL,,1965
BEL,97.2,1970
BEL,,1975
BEL,98.1,1980
BEL,,1985
BEL,99,1990
BEL,,1995
BEL,99,2000
BEL,99,2005
BEL,99,2010
BEN,,1905
BEN,,1900
BEN,,1910
BEN,,1915
BEN,,1920
BEN,,1925
BEN,,1930
BEN,,1935
BEN,,1940
BEN,,1945
BEN,,1950
BEN,,1955
BEN,4.6,1960
BEN,,1965
BEN,,1970
BEN,,1975
BEN,16.5,1980
BEN,,1985
BEN,27.2,1990
BEN,37,1995
BEN,34.7,2000
BEN,,2005
BEN,42.4,2010
BFA,,1905
BFA,,1900
BFA,,1910
BFA,,1915
BFA,,1920
BFA,,1925
BFA,,1930
BFA,,1935
BFA,,1940
BFA,,1945
BFA,,1950
BFA,,1955
BFA,,1960
BFA,,1965
BFA,,1970
BFA,8.7,1975
BFA,11.4,1980
BFA,,1985
BFA,13.6,1990
BFA,12.8,1995
BFA,21.8,2000
BFA,23.6,2005
BFA,28.7,2010
BGD,,1905
BGD,,1900
BGD,,1910
BGD,,1915
BGD,,1920
BGD,,1925
BGD,,1930
BGD,,1935
BGD,,1940
BGD,,1945
BGD,,1950
BGD,,1955
BGD,21.6,1960
BGD,,1965
BGD,,1970
BGD,25.8,1975
BGD,29.5,1980
BGD,,1985
BGD,35.3,1990
BGD,38.1,1995
BGD,47.5,2000
BGD,,2005
BGD,56.8,2010
BGR,34.5,1905
BGR,29.6,1900
BGR,42.2,1910
BGR,,1915
BGR,53.3,1920
BGR,60.3,1925
BGR,,1930
BGR,68.6,1935
BGR,,1940
BGR,75.8,1945
BGR,77.5,1950
BGR,85.7,1955
BGR,,1960
BGR,90.6,1965
BGR,,1970
BGR,,1975
BGR,93.1,1980
BGR,,1985
BGR,95.2,1990
BGR,,1995
BGR,98.2,2000
BGR,,2005
BGR,98.5,2010
BHS,,1905
BHS,,1900
BHS,46.6,1910
BHS,,1915
BHS,50.7,1920
BHS,,1925
BHS,69.7,1930
BHS,,1935
BHS,,1940
BHS,76,1945
BHS,,1950
BHS,,1955
BHS,,1960
BHS,,1965
BHS,,1970
BHS,,1975
BHS,96.8,1980
BHS,,1985
BHS,97.9,1990
BHS,98.2,1995
BHS,98.5,2000
BHS,,2005
BHS,98.8,2010
BIH,,1905
BIH,,1900
BIH,,1910
BIH,,1915
BIH,,1920
BIH,,1925
BIH,,1930
BIH,,1935
BIH,,1940
BIH,,1945
BIH,,1950
BIH,,1955
BIH,,1960
BIH,,1965
BIH,,1970
BIH,,1975
BIH,,1980
BIH,,1985
BIH,,1990
BIH,,1995
BIH,96.7,2000
BIH,,2005
BIH,97.9,2010
BLR,,1905
BLR,,1900
BLR,,1910
BLR,,1915
BLR,,1920
BLR,,1925
BLR,,1930
BLR,,1935
BLR,,1940
BLR,,1945
BLR,,1950
BLR,,1955
BLR,99,1960
BLR,,1965
BLR,99.8,1970
BLR,,1975
BLR,,1980
BLR,,1985
BLR,97.9,1990
BLR,,1995
BLR,99.6,2000
BLR,,2005
BLR,99.6,2010
BLZ,,1905
BLZ,,1900
BLZ,,1910
BLZ,,1915
BLZ,,1920
BLZ,,1925
BLZ,,1930
BLZ,,1935
BLZ,,1940
BLZ,81.1,1945
BLZ,,1950
BLZ,,1955
BLZ,86.6,1960
BLZ,,1965
BLZ,,1970
BLZ,,1975
BLZ,,1980
BLZ,,1985
BLZ,70.3,1990
BLZ,,1995
BLZ,76.9,2000
BLZ,,2005
BLZ,,2010
BOL,,1905
BOL,,1900
BOL,,1910
BOL,,1915
BOL,,1920
BOL,,1925
BOL,,1930
BOL,,1935
BOL,,1940
BOL,,1945
BOL,32.1,1950
BOL,,1955
BOL,38.8,1960
BOL,,1965
BOL,,1970
BOL,63.2,1975
BOL,69.5,1980
BOL,,1985
BOL,80,1990
BOL,83.1,1995
BOL,86.7,2000
BOL,90.7,2005
BOL,91.2,2010
BRA,,1905
BRA,34.7,1900
BRA,,1910
BRA,,1915
BRA,35.1,1920
BRA,,1925
BRA,,1930
BRA,,1935
BRA,43.9,1940
BRA,,1945
BRA,49.4,1950
BRA,,1955
BRA,61,1960
BRA,,1965
BRA,66.2,1970
BRA,75.7,1975
BRA,74.6,1980
BRA,,1985
BRA,81,1990
BRA,83.3,1995
BRA,86.4,2000
BRA,89.6,2005
BRA,90.3,2010
BRN,,1905
BRN,,1900
BRN,,1910
BRN,,1915
BRN,,1920
BRN,,1925
BRN,,1930
BRN,,1935
BRN,,1940
BRN,27.4,1945
BRN,27.5,1950
BRN,,1955
BRN,42.6,1960
BRN,,1965
BRN,63.9,1970
BRN,,1975
BRN,77.8,1980
BRN,,1985
BRN,87.8,1990
BRN,88.2,1995
BRN,92.7,2000
BRN,,2005
BRN,95.2,2010
BTN,,1905
BTN,,1900
BTN,,1910
BTN,,1915
BTN,,1920
BTN,,1925
BTN,,1930
BTN,,1935
BTN,,1940
BTN,,1945
BTN,3,1950
BTN,,1955
BTN,,1960
BTN,,1965
BTN,,1970
BTN,,1975
BTN,28,1980
BTN,,1985
BTN,37.2,1990
BTN,42.2,1995
BTN,47.3,2000
BTN,47,2005
BTN,57.6,2010
BWA,,1905
BWA,,1900
BWA,,1910
BWA,,1915
BWA,,1920
BWA,,1925
BWA,,1930
BWA,,1935
BWA,,1940
BWA,20.5,1945
BWA,22.5,1950
BWA,,1955
BWA,,1960
BWA,32.7,1965
BWA,41,1970
BWA,,1975
BWA,55.5,1980
BWA,,1985
BWA,68.6,1990
BWA,69.8,1995
BWA,81.2,2000
BWA,,2005
BWA,84.5,2010
CAF,,1905
CAF,,1900
CAF,,1910
CAF,,1915
CAF,,1920
CAF,,1925
CAF,,1930
CAF,,1935
CAF,,1940
CAF,,1945
CAF,7.5,1950
CAF,,1955
CAF,2.1,1960
CAF,,1965
CAF,,1970
CAF,18.2,1975
CAF,33,1980
CAF,,1985
CAF,33.6,1990
CAF,60,1995
CAF,50.6,2000
CAF,,2005
CAF,56,2010
CAN,,1905
CAN,82.9,1900
CAN,89,1910
CAN,,1915
CAN,94.3,1920
CAN,,1925
CAN,95.7,1930
CAN,,1935
CAN,,1940
CAN,,1945
CAN,97.5,1950
CAN,,1955
CAN,98,1960
CAN,,1965
CAN,98,1970
CAN,,1975
CAN,98.5,1980
CAN,,1985
CAN,99,1990
CAN,,1995
CAN,99,2000
CAN,,2005
CAN,99,2010
CHE,,1905
CHE,,1900
CHE,,1910
CHE,,1915
CHE,,1920
CHE,,1925
CHE,,1930
CHE,,1935
CHE,,1940
CHE,,1945
CHE,98.5,1950
CHE,,1955
CHE,99,1960
CHE,,1965
CHE,99,1970
CHE,,1975
CHE,99,1980
CHE,,1985
CHE,99,1990
CHE,99,1995
CHE,,2000
CHE,99,2005
CHE,99,2010
CHL,51.1,1905
CHL,,1900
CHL,,1910
CHL,,1915
CHL,64,1920
CHL,,1925
CHL,75.6,1930
CHL,,1935
CHL,72.9,1940
CHL,,1945
CHL,80.1,1950
CHL,,1955
CHL,83.6,1960
CHL,,1965
CHL,89,1970
CHL,,1975
CHL,91.1,1980
CHL,,1985
CHL,94.3,1990
CHL,95.2,1995
CHL,95.7,2000
CHL,,2005
CHL,98.6,2010
CHN,,1905
CHN,,1900
CHN,,1910
CHN,,1915
CHN,,1920
CHN,,1925
CHN,,1930
CHN,,1935
CHN,,1940
CHN,,1945
CHN,47.5,1950
CHN,,1955
CHN,,1960
CHN,,1965
CHN,,1970
CHN,,1975
CHN,65.5,1980
CHN,,1985
CHN,77.8,1990
CHN,81.5,1995
CHN,90.9,2000
CHN,,2005
CHN,94.3,2010
CIV,,1905
CIV,,1900
CIV,,1910
CIV,,1915
CIV,,1920
CIV,,1925
CIV,,1930
CIV,,1935
CIV,,1940
CIV,,1945
CIV,,1950
CIV,,1955
CIV,5,1960
CIV,,1965
CIV,,1970
CIV,,1975
CIV,35,1980
CIV,,1985
CIV,34.1,1990
CIV,40.1,1995
CIV,48.7,2000
CIV,,2005
CIV,56.2,2010
CMR,,1905
CMR,,1900
CMR,,1910
CMR,,1915
CMR,,1920
CMR,,1925
CMR,,1930
CMR,,1935
CMR,,1940
CMR,,1945
CMR,7.5,1950
CMR,,1955
CMR,18.9,1960
CMR,,1965
CMR,,1970
CMR,41.2,1975
CMR,44,1980
CMR,,1985
CMR,57,1990
CMR,63.4,1995
CMR,68.4,2000
CMR,70.7,2005
CMR,79,2010
COD,,1905
COD,,1900
COD,,1910
COD,,1915
COD,,1920
COD,,1925
COD,,1930
COD,,1935
COD,,1940
COD,,1945
COD,37.5,1950
COD,,1955
COD,,1960
COD,,1965
COD,,1970
COD,,1975
COD,59.3,1980
COD,,1985
COD,72,1990
COD,77.3,1995
COD,81.9,2000
COD,,2005
COD,89,2010
COG,,1905
COG,,1900
COG,,1910
COG,,1915
COG,,1920
COG,,1925
COG,,1930
COG,,1935
COG,,1940
COG,,1945
COG,,1950
COG,,1955
COG,15.6,1960
COG,,1965
COG,,1970
COG,,1975
COG,51.5,1980
COG,,1985
COG,67.8,1990
COG,74.9,1995
COG,81,2000
COG,83.8,2005
COG,90.1,2010
COL,,1905
COL,,1900
COL,,1910
COL,,1915
COL,42.4,1920
COL,,1925
COL,51.6,1930
COL,,1935
COL,55.8,1940
COL,,1945
COL,52.5,1950
COL,62.3,1955
COL,62.5,1960
COL,62.9,1965
COL,,1970
COL,81.8,1975
COL,86.9,1980
COL,,1985
COL,89.6,1990
COL,91.2,1995
COL,92.6,2000
COL,92.3,2005
COL,93.4,2010
COM,,1905
COM,,1900
COM,,1910
COM,,1915
COM,,1920
COM,,1925
COM,,1930
COM,,1935
COM,,1940
COM,,1945
COM,22.5,1950
COM,,1955
COM,,1960
COM,58.4,1965
COM,,1970
COM,,1975
COM,47.9,1980
COM,,1985
COM,54.4,1990
COM,57.3,1995
COM,60.3,2000
COM,,2005
COM,65.8,2010
CRI,,1905
CRI,,1900
CRI,,1910
CRI,,1915
CRI,,1920
CRI,65.7,1925
CRI,,1930
CRI,,1935
CRI,,1940
CRI,,1945
CRI,79.4,1950
CRI,,1955
CRI,,1960
CRI,84,1965
CRI,,1970
CRI,88.4,1975
CRI,91.5,1980
CRI,92.6,1985
CRI,93.9,1990
CRI,94.8,1995
CRI,94.9,2000
CRI,,2005
CRI,96.2,2010
CUB,,1905
CUB,43.1,1900
CUB,56.4,1910
CUB,,1915
CUB,61.3,1920
CUB,,1925
CUB,71.8,1930
CUB,,1935
CUB,,1940
CUB,66.4,1945
CUB,77.5,1950
CUB,78.9,1955
CUB,,1960
CUB,,1965
CUB,,1970
CUB,,1975
CUB,89.2,1980
CUB,,1985
CUB,94.3,1990
CUB,95.7,1995
CUB,99.8,2000
CUB,,2005
CUB,99.8,2010
CYP,,1905
CYP,,1900
CYP,25.5,1910
CYP,,1915
CYP,35.1,1920
CYP,,1925
CYP,46.3,1930
CYP,,1935
CYP,,1940
CYP,60.5,1945
CYP,62.5,1950
CYP,,1955
CYP,75.9,1960
CYP,,1965
CYP,,1970
CYP,,1975
CYP,,1980
CYP,,1985
CYP,94.4,1990
CYP,,1995
CYP,96.8,2000
CYP,,2005
CYP,98.3,2010
CZE,,1905
CZE,,1900
CZE,,1910
CZE,,1915
CZE,,1920
CZE,,1925
CZE,96.9,1930
CZE,,1935
CZE,,1940
CZE,,1945
CZE,97.5,1950
CZE,,1955
CZE,97.7,1960
CZE,,1965
CZE,97.9,1970
CZE,,1975
CZE,98.2,1980
CZE,,1985
CZE,98.6,1990
CZE,,1995
CZE,99,2000
CZE,,2005
CZE,99,2010
DEU,,1905
DEU,,1900
DEU,,1910
DEU,,1915
DEU,,1920
DEU,,1925
DEU,,1930
DEU,,1935
DEU,,1940
DEU,,1945
DEU,98.5,1950
DEU,,1955
DEU,98.7,1960
DEU,,1965
DEU,98.7,1970
DEU,,1975
DEU,98.8,1980
DEU,,1985
DEU,99,1990
DEU,,1995
DEU,99,2000
DEU,99,2005
DEU,99,2010
DJI,,1905
DJI,,1900
DJI,,1910
DJI,,1915
DJI,,1920
DJI,,1925
DJI,,1930
DJI,,1935
DJI,,1940
DJI,,1945
DJI,,1950
DJI,,1955
DJI,,1960
DJI,,1965
DJI,,1970
DJI,,1975
DJI,31.4,1980
DJI,,1985
DJI,41.1,1990
DJI,46.2,1995
DJI,51.4,2000
DJI,,2005
DJI,61,2010
DNK,,1905
DNK,,1900
DNK,,1910
DNK,,1915
DNK,,1920
DNK,,1925
DNK,,1930
DNK,,1935
DNK,,1940
DNK,,1945
DNK,98.5,1950
DNK,,1955
DNK,,1960
DNK,,1965
DNK,,1970
DNK,,1975
DNK,,1980
DNK,,1985
DNK,,1990
DNK,,1995
DNK,,2000
DNK,99,2005
DNK,,2010
DOM,,1905
DOM,,1900
DOM,,1910
DOM,,1915
DOM,,1920
DOM,,1925
DOM,,1930
DOM,26.5,1935
DOM,,1940
DOM,,1945
DOM,42.9,1950
DOM,59.9,1955
DOM,64.5,1960
DOM,,1965
DOM,67.2,1970
DOM,,1975
DOM,73.1,1980
DOM,,1985
DOM,79.8,1990
DOM,82.1,1995
DOM,87,2000
DOM,88.7,2005
DOM,89.5,2010
DZA,,1905
DZA,,1900
DZA,,1910
DZA,,1915
DZA,,1920
DZA,,1925
DZA,,1930
DZA,,1935
DZA,,1940
DZA,,1945
DZA,17.5,1950
DZA,19,1955
DZA,10.4,1960
DZA,18.8,1965
DZA,26.4,1970
DZA,,1975
DZA,39.1,1980
DZA,49.6,1985
DZA,54.6,1990
DZA,61.6,1995
DZA,69.9,2000
DZA,72.6,2005
DZA,77.2,2010
ECU,,1905
ECU,,1900
ECU,,1910
ECU,,1915
ECU,,1920
ECU,,1925
ECU,,1930
ECU,,1935
ECU,,1940
ECU,,1945
ECU,55.7,1950
ECU,,1955
ECU,67.5,1960
ECU,,1965
ECU,,1970
ECU,74.2,1975
ECU,83.6,1980
ECU,,1985
ECU,88.3,1990
ECU,90.1,1995
ECU,91,2000
ECU,84.2,2005
ECU,91.9,2010
EGY,7.3,1905
EGY,,1900
EGY,,1910
EGY,8.8,1915
EGY,,1920
EGY,14.1,1925
EGY,,1930
EGY,14.8,1935
EGY,,1940
EGY,19.9,1945
EGY,22.5,1950
EGY,,1955
EGY,25.8,1960
EGY,,1965
EGY,,1970
EGY,38.2,1975
EGY,39.7,1980
EGY,44.4,1985
EGY,47.5,1990
EGY,55.6,1995
EGY,55.3,2000
EGY,71.4,2005
EGY,72,2010
ERI,,1905
ERI,,1900
ERI,,1910
ERI,,1915
ERI,,1920
ERI,,1925
ERI,,1930
ERI,,1935
ERI,,1940
ERI,,1945
ERI,3,1950
ERI,,1955
ERI,,1960
ERI,,1965
ERI,,1970
ERI,,1975
ERI,,1980
ERI,,1985
ERI,,1990
ERI,,1995
ERI,52.5,2000
ERI,,2005
ERI,67.8,2010
ESP,,1905
ESP,41.3,1900
ESP,47.8,1910
ESP,,1915
ESP,56,1920
ESP,,1925
ESP,,1930
ESP,,1935
ESP,76.8,1940
ESP,,1945
ESP,82.7,1950
ESP,,1955
ESP,86.7,1960
ESP,,1965
ESP,90.2,1970
ESP,92.4,1975
ESP,92.8,1980
ESP,,1985
ESP,96.5,1990
ESP,,1995
ESP,,2000
ESP,97.8,2005
ESP,97.7,2010
EST,,1905
EST,,1900
EST,,1910
EST,,1915
EST,84.9,1920
EST,,1925
EST,,1930
EST,94.8,1935
EST,,1940
EST,,1945
EST,,1950
EST,,1955
EST,,1960
EST,,1965
EST,,1970
EST,,1975
EST,,1980
EST,,1985
EST,99.7,1990
EST,,1995
EST,99.8,2000
EST,,2005
EST,99.8,2010
ETH,,1905
ETH,,1900
ETH,,1910
ETH,,1915
ETH,,1920
ETH,,1925
ETH,,1930
ETH,,1935
ETH,,1940
ETH,,1945
ETH,3,1950
ETH,,1955
ETH,,1960
ETH,6,1965
ETH,12.8,1970
ETH,,1975
ETH,22.9,1980
ETH,,1985
ETH,30.8,1990
ETH,35.5,1995
ETH,40.4,2000
ETH,39.8,2005
ETH,39,2010
FIN,,1905
FIN,38.8,1900
FIN,55.3,1910
FIN,,1915
FIN,69.9,1920
FIN,,1925
FIN,84.1,1930
FIN,,1935
FIN,,1940
FIN,,1945
FIN,98.5,1950
FIN,,1955
FIN,99,1960
FIN,,1965
FIN,99,1970
FIN,,1975
FIN,99,1980
FIN,,1985
FIN,100,1990
FIN,,1995
FIN,100,2000
FIN,,2005
FIN,100,2010
FJI,,1905
FJI,,1900
FJI,,1910
FJI,,1915
FJI,55.1,1920
FJI,,1925
FJI,,1930
FJI,,1935
FJI,,1940
FJI,64.4,1945
FJI,67.5,1950
FJI,,1955
FJI,,1960
FJI,,1965
FJI,79,1970
FJI,,1975
FJI,83,1980
FJI,,1985
FJI,89.2,1990
FJI,91.6,1995
FJI,93.6,2000
FJI,93.7,2005
FJI,96.3,2010
FRA,85.9,1905
FRA,83.5,1900
FRA,88.1,1910
FRA,,1915
FRA,91.8,1920
FRA,93.9,1925
FRA,94.7,1930
FRA,96,1935
FRA,,1940
FRA,96.6,1945
FRA,96.5,1950
FRA,,1955
FRA,96.6,1960
FRA,,1965
FRA,97,1970
FRA,,1975
FRA,98,1980
FRA,,1985
FRA,99,1990
FRA,,1995
FRA,99,2000
FRA,99,2005
FRA,99,2010
GAB,,1905
GAB,,1900
GAB,,1910
GAB,,1915
GAB,,1920
GAB,,1925
GAB,,1930
GAB,,1935
GAB,,1940
GAB,,1945
GAB,3,1950
GAB,,1955
GAB,12.4,1960
GAB,,1965
GAB,,1970
GAB,,1975
GAB,40.8,1980
GAB,,1985
GAB,55.9,1990
GAB,63.2,1995
GAB,70.7,2000
GAB,83.8,2005
GAB,88.4,2010
GBR,,1905
GBR,,1900
GBR,,1910
GBR,,1915
GBR,,1920
GBR,,1925
GBR,,1930
GBR,,1935
GBR,,1940
GBR,,1945
GBR,98.5,1950
GBR,,1955
GBR,99,1960
GBR,99,1965
GBR,99,1970
GBR,,1975
GBR,99,1980
GBR,,1985
GBR,99,1990
GBR,,1995
GBR,99,2000
GBR,99,2005
GBR,99,2010
GEO,,1905
GEO,,1900
GEO,,1910
GEO,,1915
GEO,,1920
GEO,,1925
GEO,,1930
GEO,,1935
GEO,,1940
GEO,,1945
GEO,,1950
GEO,,1955
GEO,,1960
GEO,,1965
GEO,,1970
GEO,,1975
GEO,,1980
GEO,,1985
GEO,,1990
GEO,,1995
GEO,99.7,2000
GEO,,2005
GEO,99.7,2010
GHA,,1905
GHA,,1900
GHA,,1910
GHA,,1915
GHA,,1920
GHA,,1925
GHA,,1930
GHA,,1935
GHA,,1940
GHA,,1945
GHA,22.5,1950
GHA,,1955
GHA,27,1960
GHA,,1965
GHA,30.2,1970
GHA,,1975
GHA,44.5,1980
GHA,,1985
GHA,58.2,1990
GHA,64.5,1995
GHA,70.7,2000
GHA,,2005
GHA,80.9,2010
GIN,,1905
GIN,,1900
GIN,,1910
GIN,,1915
GIN,,1920
GIN,,1925
GIN,,1930
GIN,,1935
GIN,,1940
GIN,,1945
GIN,3,1950
GIN,,1955
GIN,,1960
GIN,8.6,1965
GIN,,1970
GIN,,1975
GIN,22.4,1980
GIN,,1985
GIN,31,1990
GIN,35.9,1995
GIN,41,2000
GIN,29.7,2005
GIN,51.6,2010
GMB,,1905
GMB,,1900
GMB,,1910
GMB,,1915
GMB,,1920
GMB,,1925
GMB,,1930
GMB,,1935
GMB,,1940
GMB,40.5,1945
GMB,,1950
GMB,,1955
GMB,,1960
GMB,,1965
GMB,,1970
GMB,,1975
GMB,24.5,1980
GMB,,1985
GMB,33.7,1990
GMB,38.6,1995
GMB,43.4,2000
GMB,,2005
GMB,53.3,2010
GNB,,1905
GNB,,1900
GNB,,1910
GNB,,1915
GNB,,1920
GNB,,1925
GNB,,1930
GNB,,1935
GNB,,1940
GNB,,1945
GNB,,1950
GNB,,1955
GNB,4.9,1960
GNB,,1965
GNB,,1970
GNB,,1975
GNB,39.1,1980
GNB,,1985
GNB,49.5,1990
GNB,54.9,1995
GNB,60.2,2000
GNB,,2005
GNB,70,2010
GNQ,,1905
GNQ,,1900
GNQ,,1910
GNQ,,1915
GNQ,,1920
GNQ,,1925
GNQ,,1930
GNQ,,1935
GNQ,,1940
GNQ,,1945
GNQ,22.5,1950
GNQ,,1955
GNQ,,1960
GNQ,,1965
GNQ,,1970
GNQ,,1975
GNQ,60.4,1980
GNQ,,1985
GNQ,73.2,1990
GNQ,78.5,1995
GNQ,88.3,2000
GNQ,,2005
GNQ,93.9,2010
GRC,39.5,1905
GRC,,1900
GRC,,1910
GRC,,1915
GRC,53.9,1920
GRC,,1925
GRC,58.1,1930
GRC,,1935
GRC,,1940
GRC,,1945
GRC,74.1,1950
GRC,,1955
GRC,80.4,1960
GRC,,1965
GRC,84.4,1970
GRC,,1975
GRC,90.5,1980
GRC,,1985
GRC,92.6,1990
GRC,,1995
GRC,96,2000
GRC,,2005
GRC,97.2,2010
GTM,,1905
GTM,,1900
GTM,,1910
GTM,,1915
GTM,13.2,1920
GTM,,1925
GTM,,1930
GTM,,1935
GTM,32.6,1940
GTM,,1945
GTM,29.4,1950
GTM,,1955
GTM,31.5,1960
GTM,37.9,1965
GTM,,1970
GTM,46,1975
GTM,48.7,1980
GTM,,1985
GTM,53.3,1990
GTM,64.2,1995
GTM,69.1,2000
GTM,,2005
GTM,75.2,2010
GUY,,1905
GUY,,1900
GUY,43.7,1910
GUY,,1915
GUY,47.9,1920
GUY,,1925
GUY,67.7,1930
GUY,,1935
GUY,,1940
GUY,75.5,1945
GUY,,1950
GUY,,1955
GUY,87.1,1960
GUY,,1965
GUY,80.1,1970
GUY,,1975
GUY,94.8,1980
GUY,,1985
GUY,97.2,1990
GUY,98.1,1995
GUY,98.6,2000
GUY,,2005
GUY,99.3,2010
HND,,1905
HND,,1900
HND,,1910
HND,,1915
HND,,1920
HND,26.1,1925
HND,33.3,1930
HND,32.6,1935
HND,34.7,1940
HND,36.3,1945
HND,35.2,1950
HND,,1955
HND,45,1960
HND,,1965
HND,56.9,1970
HND,,1975
HND,62.3,1980
HND,,1985
HND,69.4,1990
HND,72.7,1995
HND,80,2000
HND,83.6,2005
HND,84.8,2010
HRV,,1905
HRV,,1900
HRV,,1910
HRV,,1915
HRV,,1920
HRV,,1925
HRV,,1930
HRV,,1935
HRV,,1940
HRV,,1945
HRV,,1950
HRV,,1955
HRV,,1960
HRV,,1965
HRV,,1970
HRV,,1975
HRV,,1980
HRV,,1985
HRV,96.7,1990
HRV,,1995
HRV,98.1,2000
HRV,,2005
HRV,98.8,2010
HTI,,1905
HTI,,1900
HTI,,1910
HTI,,1915
HTI,,1920
HTI,,1925
HTI,,1930
HTI,,1935
HTI,,1940
HTI,,1945
HTI,10.5,1950
HTI,,1955
HTI,14.5,1960
HTI,,1965
HTI,19.6,1970
HTI,,1975
HTI,34.7,1980
HTI,,1985
HTI,41,1990
HTI,45,1995
HTI,49.4,2000
HTI,,2005
HTI,57.7,2010
HUN,,1905
HUN,60.1,1900
HUN,67.7,1910
HUN,,1915
HUN,86.6,1920
HUN,,1925
HUN,90,1930
HUN,,1935
HUN,93.6,1940
HUN,,1945
HUN,95.3,1950
HUN,,1955
HUN,96.9,1960
HUN,97.4,1965
HUN,98,1970
HUN,,1975
HUN,98.9,1980
HUN,,1985
HUN,99,1990
HUN,99,1995
HUN,99,2000
HUN,99,2005
HUN,99,2010
IDN,,1905
IDN,,1900
IDN,,1910
IDN,,1915
IDN,,1920
IDN,,1925
IDN,,1930
IDN,,1935
IDN,,1940
IDN,,1945
IDN,17.5,1950
IDN,,1955
IDN,56.6,1960
IDN,,1965
IDN,56.6,1970
IDN,,1975
IDN,67.3,1980
IDN,,1985
IDN,81.5,1990
IDN,83.8,1995
IDN,87.3,2000
IDN,92,2005
IDN,92.6,2010
IND,,1905
IND,6.2,1900
IND,7,1910
IND,,1915
IND,8.3,1920
IND,,1925
IND,9.1,1930
IND,,1935
IND,,1940
IND,,1945
IND,19.3,1950
IND,,1955
IND,27.8,1960
IND,,1965
IND,34.1,1970
IND,,1975
IND,40.8,1980
IND,,1985
IND,48.2,1990
IND,52,1995
IND,61,2000
IND,,2005
IND,62.6,2010
IRL,,1905
IRL,,1900
IRL,,1910
IRL,,1915
IRL,,1920
IRL,,1925
IRL,,1930
IRL,,1935
IRL,,1940
IRL,,1945
IRL,98.5,1950
IRL,,1955
IRL,98.7,1960
IRL,,1965
IRL,98.8,1970
IRL,,1975
IRL,98.8,1980
IRL,,1985
IRL,99,1990
IRL,,1995
IRL,99,2000
IRL,99,2005
IRL,99,2010
IRN,,1905
IRN,,1900
IRN,,1910
IRN,,1915
IRN,,1920
IRN,,1925
IRN,,1930
IRN,,1935
IRN,,1940
IRN,,1945
IRN,12.5,1950
IRN,12.8,1955
IRN,15.6,1960
IRN,22.8,1965
IRN,36.9,1970
IRN,36.5,1975
IRN,,1980
IRN,52.3,1985
IRN,65.5,1990
IRN,73.1,1995
IRN,77,2000
IRN,82.4,2005
IRN,85,2010
IRQ,,1905
IRQ,,1900
IRQ,,1910
IRQ,,1915
IRQ,,1920
IRQ,,1925
IRQ,,1930
IRQ,,1935
IRQ,,1940
IRQ,10.9,1945
IRQ,12.5,1950
IRQ,,1955
IRQ,14.4,1960
IRQ,24.2,1965
IRQ,,1970
IRQ,,1975
IRQ,40.4,1980
IRQ,,1985
IRQ,52.3,1990
IRQ,58,1995
IRQ,74.1,2000
IRQ,,2005
IRQ,78.2,2010
ISL,,1905
ISL,,1900
ISL,,1910
ISL,,1915
ISL,,1920
ISL,,1925
ISL,,1930
ISL,,1935
ISL,,1940
ISL,,1945
ISL,98.5,1950
ISL,,1955
ISL,,1960
ISL,,1965
ISL,,1970
ISL,,1975
ISL,,1980
ISL,,1985
ISL,,1990
ISL,,1995
ISL,,2000
ISL,99,2005
ISL,99,2010
ISR,,1905
ISR,,1900
ISR,,1910
ISR,,1915
ISR,,1920
ISR,,1925
ISR,,1930
ISR,,1935
ISR,,1940
ISR,,1945
ISR,93.7,1950
ISR,,1955
ISR,84.2,1960
ISR,,1965
ISR,87.9,1970
ISR,,1975
ISR,,1980
ISR,91.8,1985
ISR,,1990
ISR,,1995
ISR,,2000
ISR,97.1,2005
ISR,,2010
ITA,,1905
ITA,51.8,1900
ITA,62.8,1910
ITA,,1915
ITA,72.5,1920
ITA,,1925
ITA,78.4,1930
ITA,,1935
ITA,,1940
ITA,,1945
ITA,87.5,1950
ITA,,1955
ITA,,1960
ITA,,1965
ITA,93.9,1970
ITA,,1975
ITA,96.5,1980
ITA,,1985
ITA,97,1990
ITA,,1995
ITA,98.4,2000
ITA,,2005
ITA,98.9,2010
JAM,,1905
JAM,,1900
JAM,47.2,1910
JAM,,1915
JAM,52.2,1920
JAM,,1925
JAM,,1930
JAM,,1935
JAM,,1940
JAM,67.9,1945
JAM,72.5,1950
JAM,77,1955
JAM,90.9,1960
JAM,,1965
JAM,96.1,1970
JAM,,1975
JAM,77.3,1980
JAM,,1985
JAM,82.9,1990
JAM,85,1995
JAM,86.4,2000
JAM,,2005
JAM,89.7,2010
JOR,,1905
JOR,,1900
JOR,,1910
JOR,,1915
JOR,,1920
JOR,,1925
JOR,,1930
JOR,,1935
JOR,,1940
JOR,,1945
JOR,17.5,1950
JOR,,1955
JOR,32.4,1960
JOR,,1965
JOR,67.6,1970
JOR,,1975
JOR,66.8,1980
JOR,,1985
JOR,82.1,1990
JOR,86.6,1995
JOR,89.8,2000
JOR,91.1,2005
JOR,92.6,2010
JPN,,1905
JPN,,1900
JPN,,1910
JPN,,1915
JPN,,1920
JPN,,1925
JPN,,1930
JPN,,1935
JPN,,1940
JPN,,1945
JPN,97.5,1950
JPN,,1955
JPN,97.8,1960
JPN,,1965
JPN,99,1970
JPN,,1975
JPN,99,1980
JPN,,1985
JPN,99,1990
JPN,,1995
JPN,99,2000
JPN,,2005
JPN,99,2010
KAZ,,1905
KAZ,,1900
KAZ,,1910
KAZ,,1915
KAZ,,1920
KAZ,,1925
KAZ,,1930
KAZ,,1935
KAZ,,1940
KAZ,,1945
KAZ,,1950
KAZ,,1955
KAZ,,1960
KAZ,,1965
KAZ,,1970
KAZ,,1975
KAZ,,1980
KAZ,,1985
KAZ,97.5,1990
KAZ,,1995
KAZ,99.5,2000
KAZ,,2005
KAZ,99.7,2010
KEN,,1905
KEN,,1900
KEN,,1910
KEN,,1915
KEN,,1920
KEN,,1925
KEN,,1930
KEN,,1935
KEN,,1940
KEN,,1945
KEN,22.5,1950
KEN,,1955
KEN,19.5,1960
KEN,,1965
KEN,,1970
KEN,,1975
KEN,58.1,1980
KEN,,1985
KEN,72,1990
KEN,78.1,1995
KEN,82.2,2000
KEN,81.8,2005
KEN,90.1,2010
KGZ,,1905
KGZ,,1900
KGZ,,1910
KGZ,,1915
KGZ,,1920
KGZ,,1925
KGZ,,1930
KGZ,,1935
KGZ,,1940
KGZ,,1945
KGZ,,1950
KGZ,,1955
KGZ,,1960
KGZ,,1965
KGZ,,1970
KGZ,,1975
KGZ,,1980
KGZ,,1985
KGZ,,1990
KGZ,,1995
KGZ,98.7,2000
KGZ,,2005
KGZ,99.2,2010
KHM,,1905
KHM,,1900
KHM,,1910
KHM,,1915
KHM,,1920
KHM,,1925
KHM,,1930
KHM,,1935
KHM,,1940
KHM,,1945
KHM,17.5,1950
KHM,,1955
KHM,,1960
KHM,,1965
KHM,,1970
KHM,,1975
KHM,,1980
KHM,,1985
KHM,,1990
KHM,,1995
KHM,67.3,2000
KHM,73.6,2005
KHM,73.9,2010
KOR,,1905
KOR,,1900
KOR,,1910
KOR,,1915
KOR,,1920
KOR,,1925
KOR,31.8,1930
KOR,,1935
KOR,,1940
KOR,,1945
KOR,37.5,1950
KOR,76.8,1955
KOR,70.6,1960
KOR,60.1,1965
KOR,78.6,1970
KOR,,1975
KOR,93.8,1980
KOR,,1985
KOR,97.1,1990
KOR,98,1995
KOR,97.9,2000
KOR,,2005
KOR,99.4,2010
KWT,,1905
KWT,,1900
KWT,,1910
KWT,,1915
KWT,,1920
KWT,,1925
KWT,,1930
KWT,,1935
KWT,,1940
KWT,,1945
KWT,17.5,1950
KWT,35,1955
KWT,46.8,1960
KWT,54.4,1965
KWT,55,1970
KWT,59.6,1975
KWT,67.5,1980
KWT,74.5,1985
KWT,,1990
KWT,78.4,1995
KWT,,2000
KWT,93.3,2005
KWT,93.9,2010
LAO,,1905
LAO,,1900
LAO,,1910
LAO,,1915
LAO,,1920
LAO,,1925
LAO,,1930
LAO,,1935
LAO,,1940
LAO,,1945
LAO,17.5,1950
LAO,,1955
LAO,28.3,1960
LAO,,1965
LAO,,1970
LAO,,1975
LAO,43.6,1980
LAO,,1985
LAO,51.5,1990
LAO,60.3,1995
LAO,69.6,2000
LAO,72.7,2005
LAO,71.3,2010
LBN,,1905
LBN,,1900
LBN,,1910
LBN,,1915
LBN,,1920
LBN,,1925
LBN,,1930
LBN,,1935
LBN,,1940
LBN,,1945
LBN,47.5,1950
LBN,,1955
LBN,,1960
LBN,,1965
LBN,78.5,1970
LBN,,1975
LBN,86.1,1980
LBN,,1985
LBN,90.8,1990
LBN,92.4,1995
LBN,93.7,2000
LBN,,2005
LBN,95.8,2010
LBR,,1905
LBR,,1900
LBR,,1910
LBR,,1915
LBR,,1920
LBR,,1925
LBR,,1930
LBR,,1935
LBR,,1940
LBR,,1945
LBR,7.5,1950
LBR,,1955
LBR,8.9,1960
LBR,,1965
LBR,,1970
LBR,,1975
LBR,24.7,1980
LBR,32.1,1985
LBR,33.5,1990
LBR,38.3,1995
LBR,43.2,2000
LBR,54.8,2005
LBR,53.7,2010
LBY,,1905
LBY,,1900
LBY,,1910
LBY,,1915
LBY,,1920
LBY,,1925
LBY,,1930
LBY,,1935
LBY,,1940
LBY,,1945
LBY,7.5,1950
LBY,12.9,1955
LBY,,1960
LBY,21.7,1965
LBY,,1970
LBY,39,1975
LBY,53.9,1980
LBY,60.2,1985
LBY,69.9,1990
LBY,76.2,1995
LBY,81.6,2000
LBY,86.1,2005
LBY,89.2,2010
LKA,,1905
LKA,26.4,1900
LKA,31,1910
LKA,,1915
LKA,39.9,1920
LKA,,1925
LKA,,1930
LKA,,1935
LKA,,1940
LKA,57.8,1945
LKA,62.5,1950
LKA,67.7,1955
LKA,,1960
LKA,75.1,1965
LKA,77.6,1970
LKA,,1975
LKA,85.3,1980
LKA,,1985
LKA,88.7,1990
LKA,90.2,1995
LKA,90.7,2000
LKA,90.8,2005
LKA,93.9,2010
LSO,,1905
LSO,,1900
LSO,,1910
LSO,,1915
LSO,,1920
LSO,,1925
LSO,,1930
LSO,,1935
LSO,,1940
LSO,34.9,1945
LSO,,1950
LSO,,1955
LSO,,1960
LSO,58.6,1965
LSO,,1970
LSO,,1975
LSO,57,1980
LSO,,1985
LSO,66.7,1990
LSO,71.3,1995
LSO,75.5,2000
LSO,,2005
LSO,82.4,2010
LTU,,1905
LTU,,1900
LTU,,1910
LTU,,1915
LTU,65.8,1920
LTU,,1925
LTU,,1930
LTU,,1935
LTU,,1940
LTU,,1945
LTU,,1950
LTU,,1955
LTU,,1960
LTU,,1965
LTU,,1970
LTU,,1975
LTU,,1980
LTU,,1985
LTU,98.4,1990
LTU,,1995
LTU,99.6,2000
LTU,,2005
LTU,99.7,2010
LUX,,1905
LUX,,1900
LUX,,1910
LUX,,1915
LUX,,1920
LUX,,1925
LUX,,1930
LUX,,1935
LUX,,1940
LUX,,1945
LUX,,1950
LUX,,1955
LUX,,1960
LUX,,1965
LUX,99,1970
LUX,,1975
LUX,99,1980
LUX,,1985
LUX,99,1990
LUX,,1995
LUX,100,2000
LUX,,2005
LUX,100,2010
LVA,,1905
LVA,,1900
LVA,,1910
LVA,,1915
LVA,77.2,1920
LVA,,1925
LVA,93.4,1930
LVA,,1935
LVA,,1940
LVA,,1945
LVA,,1950
LVA,,1955
LVA,,1960
LVA,,1965
LVA,,1970
LVA,,1975
LVA,,1980
LVA,,1985
LVA,99.5,1990
LVA,,1995
LVA,99.7,2000
LVA,,2005
LVA,99.8,2010
MAR,,1905
MAR,,1900
MAR,,1910
MAR,,1915
MAR,,1920
MAR,,1925
MAR,,1930
MAR,,1935
MAR,,1940
MAR,,1945
MAR,12.5,1950
MAR,,1955
MAR,13.8,1960
MAR,,1965
MAR,21.4,1970
MAR,,1975
MAR,28.9,1980
MAR,,1985
MAR,38.6,1990
MAR,43.7,1995
MAR,48.4,2000
MAR,52.3,2005
MAR,57.4,2010
MDA,,1905
MDA,,1900
MDA,,1910
MDA,,1915
MDA,,1920
MDA,,1925
MDA,,1930
MDA,,1935
MDA,,1940
MDA,,1945
MDA,,1950
MDA,,1955
MDA,,1960
MDA,,1965
MDA,,1970
MDA,,1975
MDA,,1980
MDA,,1985
MDA,96.4,1990
MDA,,1995
MDA,96.7,2000
MDA,,2005
MDA,98.5,2010
MDG,,1905
MDG,,1900
MDG,,1910
MDG,,1915
MDG,,1920
MDG,,1925
MDG,,1930
MDG,,1935
MDG,,1940
MDG,,1945
MDG,32.5,1950
MDG,33.5,1955
MDG,,1960
MDG,,1965
MDG,,1970
MDG,,1975
MDG,,1980
MDG,,1985
MDG,,1990
MDG,,1995
MDG,70.7,2000
MDG,,2005
MDG,64.5,2010
MEX,,1905
MEX,22.3,1900
MEX,27.7,1910
MEX,,1915
MEX,33.8,1920
MEX,,1925
MEX,38.5,1930
MEX,,1935
MEX,46,1940
MEX,,1945
MEX,46.8,1950
MEX,,1955
MEX,65.4,1960
MEX,,1965
MEX,74.2,1970
MEX,,1975
MEX,83,1980
MEX,,1985
MEX,87.6,1990
MEX,89.6,1995
MEX,90.5,2000
MEX,91.6,2005
MEX,93.1,2010
MKD,,1905
MKD,,1900
MKD,,1910
MKD,,1915
MKD,,1920
MKD,,1925
MKD,,1930
MKD,,1935
MKD,,1940
MKD,,1945
MKD,,1950
MKD,,1955
MKD,,1960
MKD,,1965
MKD,,1970
MKD,,1975
MKD,,1980
MKD,,1985
MKD,,1990
MKD,94.1,1995
MKD,96.1,2000
MKD,,2005
MKD,97.3,2010
MLI,,1905
MLI,,1900
MLI,,1910
MLI,,1915
MLI,,1920
MLI,,1925
MLI,,1930
MLI,,1935
MLI,,1940
MLI,,1945
MLI,,1950
MLI,,1955
MLI,2.2,1960
MLI,,1965
MLI,,1970
MLI,9.4,1975
MLI,14.2,1980
MLI,,1985
MLI,24.6,1990
MLI,31,1995
MLI,38,2000
MLI,,2005
MLI,52.9,2010
MMR,,1905
MMR,28.4,1900
MMR,29.4,1910
MMR,,1915
MMR,35.7,1920
MMR,,1925
MMR,40.2,1930
MMR,,1935
MMR,,1940
MMR,,1945
MMR,52.5,1950
MMR,69.9,1955
MMR,,1960
MMR,,1965
MMR,,1970
MMR,,1975
MMR,76.8,1980
MMR,78.6,1985
MMR,81.3,1990
MMR,83.1,1995
MMR,84.8,2000
MMR,,2005
MMR,87.9,2010
MNG,,1905
MNG,,1900
MNG,,1910
MNG,,1915
MNG,,1920
MNG,,1925
MNG,,1930
MNG,,1935
MNG,,1940
MNG,59.6,1945
MNG,52.5,1950
MNG,95.4,1955
MNG,,1960
MNG,,1965
MNG,,1970
MNG,,1975
MNG,72.3,1980
MNG,,1985
MNG,79.9,1990
MNG,82.9,1995
MNG,85.6,2000
MNG,,2005
MNG,89.5,2010
MOZ,,1905
MOZ,,1900
MOZ,,1910
MOZ,,1915
MOZ,,1920
MOZ,,1925
MOZ,,1930
MOZ,,1935
MOZ,,1940
MOZ,,1945
MOZ,3,1950
MOZ,,1955
MOZ,7.7,1960
MOZ,,1965
MOZ,,1970
MOZ,,1975
MOZ,27.2,1980
MOZ,,1985
MOZ,34.7,1990
MOZ,40.1,1995
MOZ,45.9,2000
MOZ,48.2,2005
MOZ,57.4,2010
MRT,,1905
MRT,,1900
MRT,,1910
MRT,,1915
MRT,,1920
MRT,,1925
MRT,,1930
MRT,,1935
MRT,,1940
MRT,,1945
MRT,,1950
MRT,,1955
MRT,,1960
MRT,11.1,1965
MRT,,1970
MRT,17.4,1975
MRT,29.8,1980
MRT,,1985
MRT,35.2,1990
MRT,37.7,1995
MRT,40.1,2000
MRT,,2005
MRT,44.6,2010
MUS,,1905
MUS,,1900
MUS,,1910
MUS,,1915
MUS,,1920
MUS,,1925
MUS,,1930
MUS,,1935
MUS,,1940
MUS,,1945
MUS,51.8,1950
MUS,,1955
MUS,60.8,1960
MUS,,1965
MUS,,1970
MUS,,1975
MUS,73.8,1980
MUS,,1985
MUS,79.9,1990
MUS,82.9,1995
MUS,85.4,2000
MUS,,2005
MUS,89.6,2010
MWI,,1905
MWI,,1900
MWI,,1910
MWI,,1915
MWI,,1920
MWI,,1925
MWI,,1930
MWI,,1935
MWI,,1940
MWI,6.5,1945
MWI,,1950
MWI,,1955
MWI,,1960
MWI,22.1,1965
MWI,,1970
MWI,,1975
MWI,44.9,1980
MWI,,1985
MWI,52.3,1990
MWI,56.4,1995
MWI,60.4,2000
MWI,,2005
MWI,68.1,2010
MYS,,1905
MYS,,1900
MYS,,1910
MYS,,1915
MYS,,1920
MYS,,1925
MYS,29,1930
MYS,,1935
MYS,,1940
MYS,39.7,1945
MYS,37.5,1950
MYS,,1955
MYS,22.3,1960
MYS,,1965
MYS,58.5,1970
MYS,,1975
MYS,69.5,1980
MYS,,1985
MYS,82.9,1990
MYS,83.5,1995
MYS,88.7,2000
MYS,,2005
MYS,93.1,2010
NAM,,1905
NAM,,1900
NAM,,1910
NAM,,1915
NAM,,1920
NAM,,1925
NAM,,1930
NAM,,1935
NAM,,1940
NAM,,1945
NAM,22.5,1950
NAM,,1955
NAM,38.4,1960
NAM,,1965
NAM,,1970
NAM,,1975
NAM,,1980
NAM,,1985
NAM,75.8,1990
NAM,,1995
NAM,85,2000
NAM,,2005
NAM,88.8,2010
NER,,1905
NER,,1900
NER,,1910
NER,,1915
NER,,1920
NER,,1925
NER,,1930
NER,,1935
NER,,1940
NER,,1945
NER,,1950
NER,,1955
NER,0.9,1960
NER,,1965
NER,,1970
NER,,1975
NER,8.2,1980
NER,,1985
NER,11.6,1990
NER,13.6,1995
NER,15.9,2000
NER,,2005
NER,21.4,2010
NGA,,1905
NGA,,1900
NGA,,1910
NGA,,1915
NGA,,1920
NGA,,1925
NGA,,1930
NGA,,1935
NGA,,1940
NGA,,1945
NGA,12.5,1950
NGA,,1955
NGA,,1960
NGA,,1965
NGA,,1970
NGA,,1975
NGA,34.6,1980
NGA,,1985
NGA,49.4,1990
NGA,57.1,1995
NGA,64.5,2000
NGA,,2005
NGA,77.1,2010
NIC,,1905
NIC,,1900
NIC,,1910
NIC,,1915
NIC,,1920
NIC,,1925
NIC,,1930
NIC,,1935
NIC,,1940
NIC,,1945
NIC,38.4,1950
NIC,,1955
NIC,,1960
NIC,49.6,1965
NIC,57.5,1970
NIC,,1975
NIC,60.9,1980
NIC,,1985
NIC,64,1990
NIC,65.7,1995
NIC,67.2,2000
NIC,,2005
NIC,69.9,2010
NLD,,1905
NLD,,1900
NLD,,1910
NLD,,1915
NLD,,1920
NLD,,1925
NLD,,1930
NLD,,1935
NLD,,1940
NLD,,1945
NLD,98.5,1950
NLD,,1955
NLD,99,1960
NLD,,1965
NLD,99,1970
NLD,,1975
NLD,99,1980
NLD,,1985
NLD,99,1990
NLD,,1995
NLD,99,2000
NLD,99,2005
NLD,99,2010
NOR,,1905
NOR,,1900
NOR,,1910
NOR,,1915
NOR,,1920
NOR,,1925
NOR,,1930
NOR,,1935
NOR,,1940
NOR,,1945
NOR,98.5,1950
NOR,,1955
NOR,99,1960
NOR,,1965
NOR,99,1970
NOR,,1975
NOR,99,1980
NOR,,1985
NOR,100,1990
NOR,,1995
NOR,100,2000
NOR,,2005
NOR,100,2010
NPL,,1905
NPL,,1900
NPL,,1910
NPL,,1915
NPL,,1920
NPL,,1925
NPL,,1930
NPL,,1935
NPL,,1940
NPL,,1945
NPL,3,1950
NPL,,1955
NPL,8.8,1960
NPL,,1965
NPL,14.3,1970
NPL,19.2,1975
NPL,20.6,1980
NPL,,1985
NPL,24.4,1990
NPL,27.5,1995
NPL,30.9,2000
NPL,,2005
NPL,37.9,2010
NZL,,1905
NZL,,1900
NZL,,1910
NZL,,1915
NZL,,1920
NZL,,1925
NZL,,1930
NZL,,1935
NZL,,1940
NZL,,1945
NZL,98.5,1950
NZL,,1955
NZL,99,1960
NZL,,1965
NZL,99,1970
NZL,,1975
NZL,99,1980
NZL,,1985
NZL,99,1990
NZL,,1995
NZL,99,2000
NZL,99,2005
NZL,99,2010
OMN,,1905
OMN,,1900
OMN,,1910
OMN,,1915
OMN,,1920
OMN,,1925
OMN,,1930
OMN,,1935
OMN,,1940
OMN,,1945
OMN,3,1950
OMN,,1955
OMN,,1960
OMN,,1965
OMN,,1970
OMN,,1975
OMN,,1980
OMN,,1985
OMN,,1990
OMN,,1995
OMN,,2000
OMN,81.4,2005
OMN,86.6,2010
PAK,,1905
PAK,,1900
PAK,,1910
PAK,,1915
PAK,,1920
PAK,,1925
PAK,,1930
PAK,,1935
PAK,,1940
PAK,,1945
PAK,13.8,1950
PAK,,1955
PAK,16.3,1960
PAK,,1965
PAK,21.7,1970
PAK,,1975
PAK,27.1,1980
PAK,,1985
PAK,34.2,1990
PAK,37.8,1995
PAK,41.8,2000
PAK,49.9,2005
PAK,49.9,2010
PAN,,1905
PAN,,1900
PAN,,1910
PAN,,1915
PAN,,1920
PAN,,1925
PAN,,1930
PAN,,1935
PAN,72,1940
PAN,,1945
PAN,69.9,1950
PAN,,1955
PAN,73.3,1960
PAN,,1965
PAN,78.3,1970
PAN,,1975
PAN,85.6,1980
PAN,,1985
PAN,88.8,1990
PAN,90.8,1995
PAN,92.1,2000
PAN,,2005
PAN,94.1,2010
PER,,1905
PER,,1900
PER,,1910
PER,,1915
PER,,1920
PER,,1925
PER,,1930
PER,,1935
PER,,1940
PER,,1945
PER,47.5,1950
PER,,1955
PER,61.1,1960
PER,,1965
PER,72.5,1970
PER,,1975
PER,79.9,1980
PER,,1985
PER,86.3,1990
PER,88.7,1995
PER,90.7,2000
PER,,2005
PER,94.1,2010
PHL,,1905
PHL,,1900
PHL,,1910
PHL,,1915
PHL,49.2,1920
PHL,,1925
PHL,,1930
PHL,,1935
PHL,48.8,1940
PHL,,1945
PHL,61.3,1950
PHL,75.3,1955
PHL,71.9,1960
PHL,,1965
PHL,82.6,1970
PHL,,1975
PHL,89.6,1980
PHL,,1985
PHL,93.6,1990
PHL,94.6,1995
PHL,95.7,2000
PHL,,2005
PHL,97.3,2010
PNG,,1905
PNG,,1900
PNG,,1910
PNG,,1915
PNG,,1920
PNG,,1925
PNG,,1930
PNG,,1935
PNG,,1940
PNG,,1945
PNG,7.5,1950
PNG,,1955
PNG,,1960
PNG,29.4,1965
PNG,32.1,1970
PNG,,1975
PNG,58.1,1980
PNG,,1985
PNG,68.1,1990
PNG,72.2,1995
PNG,75.9,2000
PNG,,2005
PNG,82.3,2010
POL,,1905
POL,,1900
POL,,1910
POL,,1915
POL,,1920
POL,,1925
POL,,1930
POL,,1935
POL,,1940
POL,,1945
POL,92.5,1950
POL,,1955
POL,95.3,1960
POL,,1965
POL,97.8,1970
POL,,1975
POL,98.7,1980
POL,,1985
POL,,1990
POL,99.2,1995
POL,,2000
POL,99.4,2005
POL,99.5,2010
PRT,,1905
PRT,26.6,1900
PRT,30.9,1910
PRT,,1915
PRT,44.8,1920
PRT,,1925
PRT,39.8,1930
PRT,,1935
PRT,49.6,1940
PRT,,1945
PRT,55.9,1950
PRT,,1955
PRT,61.9,1960
PRT,,1965
PRT,71,1970
PRT,,1975
PRT,79.4,1980
PRT,,1985
PRT,87.9,1990
PRT,,1995
PRT,,2000
PRT,,2005
PRT,95.2,2010
PRY,,1905
PRY,,1900
PRY,,1910
PRY,,1915
PRY,,1920
PRY,,1925
PRY,,1930
PRY,,1935
PRY,,1940
PRY,,1945
PRY,65.8,1950
PRY,,1955
PRY,74.6,1960
PRY,,1965
PRY,80.1,1970
PRY,,1975
PRY,86.8,1980
PRY,,1985
PRY,90.7,1990
PRY,92.1,1995
PRY,93.4,2000
PRY,,2005
PRY,95.4,2010
QAT,,1905
QAT,,1900
QAT,,1910
QAT,,1915
QAT,,1920
QAT,,1925
QAT,,1930
QAT,,1935
QAT,,1940
QAT,,1945
QAT,7.5,1950
QAT,,1955
QAT,,1960
QAT,,1965
QAT,,1970
QAT,,1975
QAT,69.8,1980
QAT,75.6,1985
QAT,77.2,1990
QAT,79.4,1995
QAT,81.6,2000
QAT,89,2005
QAT,96.3,2010
ROU,,1905
ROU,22,1900
ROU,,1910
ROU,,1915
ROU,,1920
ROU,,1925
ROU,57.1,1930
ROU,,1935
ROU,,1940
ROU,,1945
ROU,76.9,1950
ROU,88.6,1955
ROU,,1960
ROU,,1965
ROU,,1970
ROU,,1975
ROU,,1980
ROU,,1985
ROU,96.7,1990
ROU,,1995
ROU,97.3,2000
ROU,,2005
ROU,97.7,2010
RUS,,1905
RUS,,1900
RUS,,1910
RUS,,1915
RUS,,1920
RUS,,1925
RUS,,1930
RUS,,1935
RUS,,1940
RUS,,1945
RUS,,1950
RUS,,1955
RUS,,1960
RUS,,1965
RUS,,1970
RUS,,1975
RUS,,1980
RUS,,1985
RUS,98,1990
RUS,,1995
RUS,99.4,2000
RUS,,2005
RUS,99.6,2010
RWA,,1905
RWA,,1900
RWA,,1910
RWA,,1915
RWA,,1920
RWA,,1925
RWA,,1930
RWA,,1935
RWA,,1940
RWA,,1945
RWA,7.5,1950
RWA,,1955
RWA,16.4,1960
RWA,,1965
RWA,,1970
RWA,,1975
RWA,42,1980
RWA,,1985
RWA,54.3,1990
RWA,60.5,1995
RWA,66.4,2000
RWA,,2005
RWA,76,2010
SAU,,1905
SAU,,1900
SAU,,1910
SAU,,1915
SAU,,1920
SAU,,1925
SAU,,1930
SAU,,1935
SAU,,1940
SAU,,1945
SAU,3,1950
SAU,,1955
SAU,2.5,1960
SAU,,1965
SAU,,1970
SAU,,1975
SAU,47.9,1980
SAU,,1985
SAU,59.1,1990
SAU,62.8,1995
SAU,67,2000
SAU,,2005
SAU,74.4,2010
SDN,,1905
SDN,,1900
SDN,,1910
SDN,,1915
SDN,,1920
SDN,,1925
SDN,,1930
SDN,,1935
SDN,,1940
SDN,,1945
SDN,7.5,1950
SDN,12,1955
SDN,13.1,1960
SDN,14.7,1965
SDN,,1970
SDN,,1975
SDN,29.9,1980
SDN,,1985
SDN,40.3,1990
SDN,46.1,1995
SDN,51.8,2000
SDN,,2005
SDN,62.6,2010
SEN,,1905
SEN,,1900
SEN,,1910
SEN,,1915
SEN,,1920
SEN,,1925
SEN,,1930
SEN,,1935
SEN,,1940
SEN,,1945
SEN,,1950
SEN,,1955
SEN,5.6,1960
SEN,,1965
SEN,,1970
SEN,,1975
SEN,21.5,1980
SEN,,1985
SEN,28.8,1990
SEN,33.1,1995
SEN,37.5,2000
SEN,,2005
SEN,46.7,2010
SLB,,1905
SLB,,1900
SLB,,1910
SLB,,1915
SLB,,1920
SLB,,1925
SLB,,1930
SLB,,1935
SLB,,1940
SLB,,1945
SLB,,1950
SLB,,1955
SLB,,1960
SLB,,1965
SLB,,1970
SLB,,1975
SLB,,1980
SLB,,1985
SLB,,1990
SLB,,1995
SLB,76.6,2000
SLB,,2005
SLB,,2010
SLE,,1905
SLE,,1900
SLE,,1910
SLE,,1915
SLE,,1920
SLE,,1925
SLE,,1930
SLE,,1935
SLE,,1940
SLE,,1945
SLE,7.5,1950
SLE,,1955
SLE,,1960
SLE,6.7,1965
SLE,,1970
SLE,,1975
SLE,18.9,1980
SLE,,1985
SLE,26.9,1990
SLE,31.4,1995
SLE,36.2,2000
SLE,,2005
SLE,46.6,2010
SLV,,1905
SLV,,1900
SLV,,1910
SLV,,1915
SLV,,1920
SLV,,1925
SLV,27.6,1930
SLV,,1935
SLV,,1940
SLV,,1945
SLV,39.4,1950
SLV,,1955
SLV,49,1960
SLV,,1965
SLV,57.1,1970
SLV,62,1975
SLV,63,1980
SLV,,1985
SLV,68.7,1990
SLV,71.5,1995
SLV,74.1,2000
SLV,83.6,2005
SLV,84.5,2010
SOM,,1905
SOM,,1900
SOM,,1910
SOM,,1915
SOM,,1920
SOM,,1925
SOM,,1930
SOM,,1935
SOM,,1940
SOM,,1945
SOM,3,1950
SOM,,1955
SOM,1.5,1960
SOM,,1965
SOM,,1970
SOM,,1975
SOM,6.1,1980
SOM,,1985
SOM,,1990
SOM,,1995
SOM,37.8,2000
SOM,,2005
SOM,,2010
SUR,,1905
SUR,,1900
SUR,,1910
SUR,,1915
SUR,,1920
SUR,,1925
SUR,,1930
SUR,,1935
SUR,,1940
SUR,,1945
SUR,27.5,1950
SUR,,1955
SUR,,1960
SUR,83.6,1965
SUR,,1970
SUR,,1975
SUR,87.6,1980
SUR,,1985
SUR,91.7,1990
SUR,93,1995
SUR,94.2,2000
SUR,,2005
SUR,96,2010
SVK,,1905
SVK,,1900
SVK,,1910
SVK,,1915
SVK,,1920
SVK,,1925
SVK,,1930
SVK,,1935
SVK,,1940
SVK,,1945
SVK,,1950
SVK,,1955
SVK,,1960
SVK,,1965
SVK,,1970
SVK,,1975
SVK,,1980
SVK,,1985
SVK,,1990
SVK,,1995
SVK,,2000
SVK,99.6,2005
SVK,,2010
SVN,,1905
SVN,,1900
SVN,,1910
SVN,,1915
SVN,,1920
SVN,,1925
SVN,,1930
SVN,,1935
SVN,,1940
SVN,,1945
SVN,,1950
SVN,,1955
SVN,,1960
SVN,,1965
SVN,,1970
SVN,,1975
SVN,,1980
SVN,,1985
SVN,99.5,1990
SVN,,1995
SVN,,2000
SVN,99.7,2005
SVN,99.7,2010
SWE,,1905
SWE,,1900
SWE,,1910
SWE,,1915
SWE,,1920
SWE,99.9,1925
SWE,,1930
SWE,,1935
SWE,,1940
SWE,,1945
SWE,98.5,1950
SWE,,1955
SWE,99,1960
SWE,,1965
SWE,99,1970
SWE,,1975
SWE,99,1980
SWE,,1985
SWE,99,1990
SWE,99,1995
SWE,,2000
SWE,99,2005
SWE,99,2010
SWZ,,1905
SWZ,,1900
SWZ,,1910
SWZ,,1915
SWZ,,1920
SWZ,,1925
SWZ,,1930
SWZ,,1935
SWZ,,1940
SWZ,13.3,1945
SWZ,18.5,1950
SWZ,,1955
SWZ,,1960
SWZ,,1965
SWZ,,1970
SWZ,55.3,1975
SWZ,60.4,1980
SWZ,67.2,1985
SWZ,72.1,1990
SWZ,76.7,1995
SWZ,81.7,2000
SWZ,,2005
SWZ,86.2,2010
SYR,,1905
SYR,,1900
SYR,,1910
SYR,,1915
SYR,,1920
SYR,,1925
SYR,,1930
SYR,,1935
SYR,,1940
SYR,,1945
SYR,27.5,1950
SYR,,1955
SYR,29.5,1960
SYR,,1965
SYR,40,1970
SYR,,1975
SYR,53.8,1980
SYR,,1985
SYR,65.7,1990
SYR,70.8,1995
SYR,75.6,2000
SYR,80.4,2005
SYR,83.4,2010
TCD,,1905
TCD,,1900
TCD,,1910
TCD,,1915
TCD,,1920
TCD,,1925
TCD,,1930
TCD,,1935
TCD,,1940
TCD,,1945
TCD,3,1950
TCD,,1955
TCD,,1960
TCD,5.6,1965
TCD,,1970
TCD,,1975
TCD,32.7,1980
TCD,,1985
TCD,42.7,1990
TCD,48.1,1995
TCD,53.5,2000
TCD,,2005
TCD,63.6,2010
TGO,,1905
TGO,,1900
TGO,,1910
TGO,,1915
TGO,,1920
TGO,,1925
TGO,,1930
TGO,,1935
TGO,,1940
TGO,,1945
TGO,7.5,1950
TGO,,1955
TGO,9.7,1960
TGO,,1965
TGO,15.9,1970
TGO,,1975
TGO,33.4,1980
TGO,,1985
TGO,45.4,1990
TGO,51.7,1995
TGO,57.9,2000
TGO,,2005
TGO,69.5,2010
THA,,1905
THA,,1900
THA,,1910
THA,,1915
THA,,1920
THA,,1925
THA,,1930
THA,31.2,1935
THA,,1940
THA,52,1945
THA,52.5,1950
THA,63.7,1955
THA,67.7,1960
THA,,1965
THA,78.6,1970
THA,,1975
THA,88,1980
THA,,1985
THA,93.3,1990
THA,93.8,1995
THA,95.1,2000
THA,,2005
THA,96.8,2010
TJK,,1905
TJK,,1900
TJK,,1910
TJK,,1915
TJK,,1920
TJK,,1925
TJK,,1930
TJK,,1935
TJK,,1940
TJK,,1945
TJK,,1950
TJK,,1955
TJK,,1960
TJK,,1965
TJK,,1970
TJK,,1975
TJK,,1980
TJK,,1985
TJK,97.7,1990
TJK,,1995
TJK,99.5,2000
TJK,,2005
TJK,99.7,2010
TKM,,1905
TKM,,1900
TKM,,1910
TKM,,1915
TKM,,1920
TKM,,1925
TKM,,1930
TKM,,1935
TKM,,1940
TKM,,1945
TKM,,1950
TKM,,1955
TKM,,1960
TKM,,1965
TKM,,1970
TKM,,1975
TKM,,1980
TKM,,1985
TKM,,1990
TKM,98.8,1995
TKM,,2000
TKM,,2005
TKM,99.6,2010
TTO,,1905
TTO,,1900
TTO,47.5,1910
TTO,,1915
TTO,53.2,1920
TTO,,1925
TTO,,1930
TTO,,1935
TTO,,1940
TTO,73.8,1945
TTO,72.5,1950
TTO,,1955
TTO,93.4,1960
TTO,,1965
TTO,92.2,1970
TTO,,1975
TTO,95,1980
TTO,,1985
TTO,96.9,1990
TTO,97.9,1995
TTO,,2000
TTO,98.4,2005
TTO,98.8,2010
TUN,,1905
TUN,,1900
TUN,,1910
TUN,,1915
TUN,,1920
TUN,,1925
TUN,,1930
TUN,,1935
TUN,,1940
TUN,,1945
TUN,17.5,1950
TUN,,1955
TUN,15.5,1960
TUN,24,1965
TUN,,1970
TUN,38,1975
TUN,46.5,1980
TUN,48.2,1985
TUN,60.2,1990
TUN,66.7,1995
TUN,,2000
TUN,72.3,2005
TUN,81.6,2010
TUR,,1905
TUR,,1900
TUR,,1910
TUR,,1915
TUR,,1920
TUR,8.2,1925
TUR,,1930
TUR,20.4,1935
TUR,,1940
TUR,30.5,1945
TUR,31.9,1950
TUR,38.6,1955
TUR,38.1,1960
TUR,46,1965
TUR,51.3,1970
TUR,61.6,1975
TUR,65.7,1980
TUR,76,1985
TUR,79.2,1990
TUR,82.3,1995
TUR,,2000
TUR,88.2,2005
TUR,90.8,2010
TZA,,1905
TZA,,1900
TZA,,1910
TZA,,1915
TZA,,1920
TZA,,1925
TZA,,1930
TZA,,1935
TZA,,1940
TZA,,1945
TZA,7.5,1950
TZA,,1955
TZA,9.5,1960
TZA,28.1,1965
TZA,,1970
TZA,,1975
TZA,49.6,1980
TZA,,1985
TZA,62.1,1990
TZA,67.8,1995
TZA,73.3,2000
TZA,,2005
TZA,82.2,2010
UGA,,1905
UGA,,1900
UGA,,1910
UGA,,1915
UGA,,1920
UGA,,1925
UGA,,1930
UGA,,1935
UGA,,1940
UGA,,1945
UGA,27.5,1950
UGA,,1955
UGA,44.9,1960
UGA,,1965
UGA,,1970
UGA,,1975
UGA,46.4,1980
UGA,,1985
UGA,56.6,1990
UGA,61.8,1995
UGA,67,2000
UGA,71.4,2005
UGA,76.2,2010
UKR,,1905
UKR,,1900
UKR,,1910
UKR,,1915
UKR,,1920
UKR,,1925
UKR,,1930
UKR,,1935
UKR,,1940
UKR,,1945
UKR,,1950
UKR,,1955
UKR,99.1,1960
UKR,,1965
UKR,99.8,1970
UKR,,1975
UKR,,1980
UKR,,1985
UKR,,1990
UKR,,1995
UKR,99.4,2000
UKR,,2005
UKR,99.7,2010
URY,,1905
URY,,1900
URY,,1910
URY,,1915
URY,,1920
URY,,1925
URY,,1930
URY,,1935
URY,,1940
URY,,1945
URY,82.5,1950
URY,,1955
URY,,1960
URY,80.4,1965
URY,,1970
URY,93.9,1975
URY,,1980
URY,95.4,1985
URY,,1990
URY,96.8,1995
URY,,2000
URY,97.8,2005
URY,98.1,2010
USA,,1905
USA,90.3,1900
USA,92.3,1910
USA,,1915
USA,94,1920
USA,,1925
USA,94.1,1930
USA,,1935
USA,97.1,1940
USA,97.3,1945
USA,97.5,1950
USA,,1955
USA,97.2,1960
USA,,1965
USA,99,1970
USA,,1975
USA,99.4,1980
USA,,1985
USA,,1990
USA,99,1995
USA,,2000
USA,99,2005
USA,99,2010
UZB,,1905
UZB,,1900
UZB,,1910
UZB,,1915
UZB,,1920
UZB,,1925
UZB,,1930
UZB,,1935
UZB,,1940
UZB,,1945
UZB,,1950
UZB,,1955
UZB,,1960
UZB,,1965
UZB,,1970
UZB,,1975
UZB,,1980
UZB,,1985
UZB,,1990
UZB,,1995
UZB,98.6,2000
UZB,,2005
UZB,99.4,2010
VEN,,1905
VEN,,1900
VEN,,1910
VEN,,1915
VEN,,1920
VEN,,1925
VEN,,1930
VEN,39,1935
VEN,41.5,1940
VEN,,1945
VEN,52.2,1950
VEN,,1955
VEN,63.3,1960
VEN,,1965
VEN,76.5,1970
VEN,,1975
VEN,84.7,1980
VEN,,1985
VEN,89.8,1990
VEN,,1995
VEN,93,2000
VEN,95.2,2005
VEN,95.5,2010
VNM,,1905
VNM,,1900
VNM,,1910
VNM,,1915
VNM,,1920
VNM,,1925
VNM,,1930
VNM,,1935
VNM,,1940
VNM,,1945
VNM,17.5,1950
VNM,,1955
VNM,64.5,1960
VNM,,1965
VNM,,1970
VNM,,1975
VNM,83.8,1980
VNM,,1985
VNM,87.6,1990
VNM,93.7,1995
VNM,95.6,2000
VNM,,2005
VNM,97.4,2010
YEM,,1905
YEM,,1900
YEM,,1910
YEM,,1915
YEM,,1920
YEM,,1925
YEM,,1930
YEM,,1935
YEM,,1940
YEM,,1945
YEM,3,1950
YEM,,1955
YEM,2.5,1960
YEM,,1965
YEM,27.1,1970
YEM,,1975
YEM,8.6,1980
YEM,,1985
YEM,,1990
YEM,37.1,1995
YEM,,2000
YEM,54.7,2005
YEM,63.9,2010
ZAF,,1905
ZAF,,1900
ZAF,,1910
ZAF,,1915
ZAF,,1920
ZAF,,1925
ZAF,,1930
ZAF,,1935
ZAF,,1940
ZAF,,1945
ZAF,42.5,1950
ZAF,,1955
ZAF,57,1960
ZAF,,1965
ZAF,,1970
ZAF,,1975
ZAF,75.7,1980
ZAF,,1985
ZAF,79.9,1990
ZAF,82.4,1995
ZAF,83.6,2000
ZAF,,2005
ZAF,86.6,2010
ZMB,,1905
ZMB,,1900
ZMB,,1910
ZMB,,1915
ZMB,,1920
ZMB,,1925
ZMB,,1930
ZMB,,1935
ZMB,,1940
ZMB,,1945
ZMB,,1950
ZMB,,1955
ZMB,,1960
ZMB,,1965
ZMB,47.3,1970
ZMB,,1975
ZMB,53.5,1980
ZMB,,1985
ZMB,73.1,1990
ZMB,78.2,1995
ZMB,82.9,2000
ZMB,,2005
ZMB,89.6,2010
ZWE,,1905
ZWE,,1900
ZWE,,1910
ZWE,,1915
ZWE,,1920
ZWE,,1925
ZWE,,1930
ZWE,,1935
ZWE,,1940
ZWE,,1945
ZWE,22.5,1950
ZWE,,1955
ZWE,,1960
ZWE,,1965
ZWE,,1970
ZWE,,1975
ZWE,75.3,1980
ZWE,,1985
ZWE,82.3,1990
ZWE,85.1,1995
ZWE,87.6,2000
ZWE,,2005
ZWE,91.7,2010